baking powder,coffee,frozen meals,butter,,,
ice cream,abrasive cleaner,fish,coffee,frozen meals ,,
butter,baking powder,coffee,ice cream,frozen meals ,,
frozen vegetables,abrasive cleaner,ice cream,butter,coffee,,
baking powder,ice cream,butter,frozen meals,,,
ice cream,frozen vegetables,coffee,cake bar,frozen meals,,
honey,fish,abrasive cleaner,domestic eggs,,,
butter,frozen meals,fish,ice cream,frozen vegetables,,
coffee,honey,fish,frozen meals,,,
honey,frozen meals,fish,,,,
abrasive cleaner,frozen vegetables,baking powder,butter,domestic eggs,,
frozen meals,domestic eggs,ice cream,,,,
ice cream,cake bar,honey,,,,
baking powder,domestic eggs,butter,frozen meals,,,
coffee,butter,baking powder,domestic eggs,frozen meals,,
frozen vegetables,frozen meals,fish,,,,
butter,fish,frozen meals,baking powder,ice cream,,
butter,baking powder,frozen meals,frozen vegetables,,,
baking powder,domestic eggs,butter,,,,
fish,frozen vegetables,frozen meals,baking powder,butter,,
butter,baking powder,domestic eggs,,,,
butter,coffee,baking powder,frozen meals,,,
butter,coffee,domestic eggs,baking powder,frozen meals,,
fish,frozen meals,abrasive cleaner,,,,
baking powder,cake bar,butter,frozen vegetables,,,
domestic eggs,honey,,,,,
frozen meals,fish,domestic eggs,,,,
baking powder,frozen meals,domestic eggs,butter,,,
fish,frozen meals,domestic eggs,coffee,,,
butter,baking powder,domestic eggs,,,,
frozen meals,frozen vegetables,baking powder,butter,,,
coffee,baking powder,butter,ice cream,frozen meals,,
fish,butter,baking powder,,,,
frozen vegetables,,,,,,
frozen vegetables,abrasive cleaner,ice cream,,,,
fish,coffee,frozen meals,ice cream,honey,,
coffee,butter,baking powder,domestic eggs,frozen meals,,
honey,frozen meals,ice cream,coffee,,,
frozen vegetables,baking powder,butter,frozen meals,,,
honey,coffee,frozen meals,,,,
honey,domestic eggs,frozen meals,coffee,,,
frozen vegetables,domestic eggs,fish,honey,,,
coffee,domestic eggs,butter,baking powder,frozen meals,,
butter,coffee,baking powder,ice cream,fish,frozen meals,
baking powder,butter,coffee,frozen meals,,,
baking powder,domestic eggs,coffee,frozen meals,,,
coffee,ice cream,fish,frozen meals,,,
frozen meals,baking powder,butter,,,,
butter,fish,,,,,
butter,grapes,baking powder,,,,
frozen meals,cake bar,frozen vegetables,butter,,,
honey,abrasive cleaner,fish,,,,
baking powder,butter,ice cream,,,,
baking powder,fish,domestic eggs,cake bar,butter,,
ice cream,baking powder,butter,,,,
frozen vegetables,ice cream,frozen meals,honey,,,
butter,frozen meals,coffee,,,,
honey,cake bar,,,,,
ice cream,fish,domestic eggs,honey,,,
butter,baking powder,cake bar,ice cream,frozen vegetables,,
coffee,baking powder,fish,butter,frozen meals,,
abrasive cleaner,honey,frozen vegetables,fish,ice cream,,
butter,,,,,,
butter,,,,,,
abrasive cleaner,coffee,fish,butter,ice cream,baking powder,frozen meals
grapes,butter,frozen meals,,,,
butter,coffee,baking powder,fish,frozen vegetables,frozen meals,
abrasive cleaner,,,,,,
ice cream,,,,,,
baking powder,butter,domestic eggs,,,,
butter,grapes,baking powder,cake bar,fish,,
baking powder,butter,,,,,
butter,grapes,baking powder,,,,
ice cream,grapes,domestic eggs,honey,fish,,
butter,baking powder,domestic eggs,,,,
grapes,ice cream,fish,,,,
abrasive cleaner,domestic eggs,,,,,
frozen vegetables,domestic eggs,,,,,
frozen meals,butter,frozen vegetables,abrasive cleaner,ice cream,,
fish,,,,,,
baking powder,abrasive cleaner,grapes,cake bar,butter,coffee,frozen meals
butter,abrasive cleaner,coffee,domestic eggs,baking powder,frozen meals,
cake bar,butter,grapes,,,,
baking powder,coffee,butter,abrasive cleaner,fish,frozen meals,
frozen meals,baking powder,coffee,butter,ice cream,,
domestic eggs,grapes,butter,frozen meals,,,
honey,,,,,,
frozen meals,cake bar,grapes,butter,,,
frozen vegetables,,,,,,
ice cream,abrasive cleaner,grapes,,,,
butter,coffee,frozen vegetables,cake bar,frozen meals,,
grapes,honey,fish,ice cream,,,
frozen meals,fish,frozen vegetables,cake bar,,,
grapes,domestic eggs,cake bar,,,,
baking powder,grapes,fish,butter,,,
abrasive cleaner,butter,frozen vegetables,grapes,domestic eggs,,
domestic eggs,,,,,,
honey,,,,,,
butter,,,,,,
honey,,,,,,
ice cream,grapes,abrasive cleaner,honey,frozen meals,,
frozen vegetables,frozen meals,ice cream,,,,
butter,coffee,domestic eggs,baking powder,frozen meals,,
frozen vegetables,domestic eggs,abrasive cleaner,honey,fish,,
coffee,ice cream,butter,frozen vegetables,domestic eggs,fish,frozen meals
coffee,butter,baking powder,domestic eggs,frozen meals,,
cake bar,ice cream,abrasive cleaner,frozen vegetables,,,
domestic eggs,cake bar,baking powder,butter,frozen vegetables,,
coffee,abrasive cleaner,frozen vegetables,frozen meals,,,
butter,ice cream,grapes,baking powder,coffee,frozen meals,
butter,frozen meals,ice cream,baking powder,,,
abrasive cleaner,fish,honey,,,,
cake bar,grapes,butter,,,,
frozen meals,domestic eggs,,,,,
frozen vegetables,butter,fish,baking powder,,,
fish,cake bar,frozen meals,,,,
coffee,frozen vegetables,frozen meals,,,,
fish,butter,coffee,frozen meals,,,
frozen meals,fish,cake bar,,,,
grapes,honey,,,,,
baking powder,domestic eggs,frozen meals,,,,
cake bar,baking powder,butter,frozen meals,,,
butter,ice cream,baking powder,,,,
baking powder,butter,abrasive cleaner,coffee,frozen meals,,
fish,abrasive cleaner,,,,,
grapes,butter,frozen vegetables,fish,,,
baking powder,grapes,frozen meals,butter,,,
frozen vegetables,coffee,frozen meals,,,,
frozen meals,domestic eggs,,,,,
abrasive cleaner,,,,,,
coffee,frozen meals,,,,,
butter,coffee,frozen meals,,,,
grapes,,,,,,
grapes,ice cream,,,,,
frozen vegetables,frozen meals,cake bar,ice cream,,,
abrasive cleaner,frozen vegetables,butter,baking powder,ice cream,,
grapes,baking powder,butter,coffee,frozen meals ,,
domestic eggs,,,,,,
cake bar,frozen meals,ice cream,baking powder,coffee,,
baking powder,coffee,ice cream,cake bar,frozen meals,,
grapes,baking powder,frozen meals,ice cream,,,
butter,frozen meals,grapes,ice cream,baking powder,,
ice cream,,,,,,
abrasive cleaner,,,,,,
coffee,grapes,honey,frozen meals,,,
cake bar,,,,,,
cake bar,butter,ice cream,baking powder,,,
grapes,butter,fish,coffee,frozen meals,,
ice cream,domestic eggs,butter,baking powder,,,
coffee,butter,baking powder,honey,frozen vegetables,frozen meals,
fish,,,,,,
grapes,butter,baking powder,,,,
honey,grapes,coffee,frozen meals,,,
honey,butter,frozen vegetables,frozen meals,,,
coffee,honey,butter,ice cream,frozen meals,,
fish,abrasive cleaner,honey,,,,
cake bar,grapes,frozen vegetables,coffee,frozen meals,,
cake bar,butter,domestic eggs,grapes,frozen vegetables,,
frozen meals,baking powder,frozen vegetables,ice cream,,,
grapes,,,,,,
butter,grapes,,,,,
honey,grapes,ice cream,,,,
cake bar,ice cream,,,,,
fish,butter,domestic eggs,cake bar,frozen vegetables,,
baking powder,fish,,,,,
butter,frozen meals,,,,,
fish,baking powder,,,,,
abrasive cleaner,frozen meals,ice cream,,,,
baking powder,ice cream,frozen vegetables,,,,
abrasive cleaner,,,,,,
domestic eggs,,,,,,
baking powder,grapes,,,,,
abrasive cleaner,ice cream,,,,,
coffee,cake bar,domestic eggs,frozen meals,baking powder,,
domestic eggs,ice cream,coffee,frozen meals,,,
abrasive cleaner,butter,ice cream,,,,
coffee,fish,baking powder,frozen meals,,,
baking powder,domestic eggs,frozen meals,grapes,,,
butter,frozen meals,fish,,,,
cake bar,baking powder,frozen meals,grapes,fish,,
frozen meals,frozen vegetables,butter,,,,
frozen vegetables,abrasive cleaner,cake bar,ice cream,,,
coffee,frozen vegetables,fish,frozen meals ,,,
ice cream,frozen meals,frozen vegetables,domestic eggs,grapes,,
coffee,frozen meals,honey,grapes,,,
grapes,coffee,fish,honey,frozen meals,,
frozen vegetables,grapes,domestic eggs,fish,cake bar,,
fish,abrasive cleaner,,,,,
grapes,frozen meals,coffee,cake bar,fish,,
cake bar,domestic eggs,grapes,baking powder,,,
abrasive cleaner,cake bar,domestic eggs,frozen vegetables,,,
honey,,,,,,
abrasive cleaner,fish,,,,,
grapes,ice cream,frozen vegetables,,,,
fish,honey,frozen meals,frozen vegetables,,,
baking powder,fish,frozen vegetables,frozen meals,butter,domestic eggs,
fish,cake bar,frozen vegetables,coffee,frozen meals,honey,
frozen meals,cake bar,domestic eggs,abrasive cleaner,,,
fish,butter,frozen meals,ice cream,baking powder,,
domestic eggs,abrasive cleaner,coffee,fish,frozen meals,,
coffee,fish,ice cream,baking powder,frozen meals,,
cake bar,frozen vegetables,baking powder,domestic eggs,,,
coffee,butter,baking powder,frozen vegetables,domestic eggs,frozen meals,
coffee,frozen meals,grapes,butter,,,
butter,coffee,domestic eggs,ice cream,frozen vegetables,frozen meals,
honey,abrasive cleaner,domestic eggs,,,,
fish,grapes,baking powder,abrasive cleaner,butter,,
honey,abrasive cleaner,coffee,butter,frozen meals,,
frozen vegetables,coffee,baking powder,fish,frozen meals,,
frozen meals,ice cream,domestic eggs,coffee,fish,honey,
domestic eggs,fish,butter,,,,
fish,frozen meals,,,,,
coffee,frozen meals,butter,honey,,,
frozen meals,grapes,abrasive cleaner,coffee,,,
frozen vegetables,,,,,,
frozen vegetables,domestic eggs,,,,,
butter,grapes,,,,,
abrasive cleaner,domestic eggs,,,,,
coffee,frozen meals,,,,,
baking powder,,,,,,
coffee,frozen meals,,,,,
abrasive cleaner,,,,,,
domestic eggs,,,,,,
coffee,baking powder,frozen meals,,,,
butter,honey,,,,,
cake bar,frozen vegetables,,,,,
ice cream,frozen meals,,,,,
frozen vegetables,frozen meals,honey,domestic eggs,,,
coffee,ice cream,frozen meals,,,,
frozen meals,frozen vegetables,fish,,,,
butter,frozen meals,ice cream,,,,
fish,frozen meals,ice cream,grapes,,,
baking powder,butter,frozen meals,cake bar,,,
cake bar,coffee,butter,frozen meals,,,
baking powder,cake bar,,,,,
butter,fish,,,,,
grapes,frozen vegetables,butter,,,,
honey,grapes,,,,,
baking powder,cake bar,fish,,,,
fish,ice cream,,,,,
grapes,butter,,,,,
domestic eggs,coffee,frozen meals,,,,
cake bar,frozen meals,ice cream,honey,,,
butter,coffee,abrasive cleaner,ice cream,baking powder,fish,frozen meals
ice cream,baking powder,coffee,butter,grapes,frozen meals,
domestic eggs,coffee,frozen meals,abrasive cleaner,fish,cake bar,
frozen vegetables,baking powder,cake bar,abrasive cleaner,ice cream,butter,
baking powder,butter,honey,abrasive cleaner,,,
coffee,butter,fish,domestic eggs,baking powder,frozen vegetables,frozen meals
frozen vegetables,honey,cake bar,baking powder,butter,frozen meals,
fish,ice cream,honey,coffee,frozen meals,,
abrasive cleaner,domestic eggs,fish,frozen vegetables,,,
coffee,butter,grapes,fish,frozen meals,,
frozen vegetables,baking powder,domestic eggs,butter,abrasive cleaner,,
domestic eggs,ice cream,frozen meals,coffee,fish,,
coffee,butter,baking powder,ice cream,frozen meals,,
baking powder,cake bar,butter,fish,coffee,frozen meals,
domestic eggs,ice cream,,,,,
honey,abrasive cleaner,frozen vegetables,butter,,,
butter,frozen vegetables,baking powder,,,,
frozen vegetables,baking powder,grapes,butter,coffee,honey,frozen meals
butter,fish,ice cream,,,,
honey,,,,,,
cake bar,ice cream,,,,,
ice cream,,,,,,
frozen vegetables,ice cream,honey,cake bar,,,
ice cream,baking powder,,,,,
coffee,cake bar,frozen vegetables,baking powder,butter,frozen meals,
coffee,fish,frozen meals,honey,abrasive cleaner,grapes,
baking powder,frozen vegetables,honey,coffee,frozen meals,butter,
frozen vegetables,frozen meals,butter,baking powder,,,
grapes,frozen vegetables,baking powder,frozen meals,butter,,
frozen vegetables,butter,coffee,abrasive cleaner,ice cream,fish,frozen meals
frozen vegetables,coffee,fish,grapes,frozen meals,,
fish,frozen meals,butter,ice cream,,,
baking powder,coffee,butter,grapes,cake bar,frozen meals,
baking powder,butter,grapes,frozen vegetables,cake bar,frozen meals,ice cream
ice cream,grapes,honey,butter,cake bar,,
honey,ice cream,grapes,domestic eggs,butter,frozen vegetables,baking powder
fish,butter,baking powder,frozen meals,frozen vegetables,coffee,
cake bar,butter,frozen meals,ice cream,honey,,
coffee,baking powder,frozen vegetables,abrasive cleaner,butter,frozen meals,
cake bar,grapes,coffee,frozen vegetables,frozen meals,,
butter,coffee,baking powder,frozen vegetables,honey,frozen meals,
grapes,frozen meals,coffee,fish,frozen vegetables,,
coffee,fish,ice cream,grapes,frozen meals,,
ice cream,frozen vegetables,frozen meals,coffee,grapes,,
abrasive cleaner,ice cream,grapes,coffee,baking powder,frozen meals,
frozen meals,butter,coffee,ice cream,abrasive cleaner,frozen vegetables,
domestic eggs,fish,cake bar,baking powder,coffee,butter,frozen meals
fish,grapes,butter,frozen meals,ice cream,cake bar,
frozen meals,butter,baking powder,coffee,,,
abrasive cleaner,butter,coffee,honey,frozen meals,,
frozen meals,fish,frozen vegetables,coffee,cake bar,baking powder,
butter,fish,abrasive cleaner,cake bar,ice cream,coffee,frozen meals
abrasive cleaner,cake bar,grapes,frozen vegetables,baking powder,butter,
grapes,baking powder,cake bar,butter,frozen meals,frozen vegetables,
fish,frozen meals,coffee,frozen vegetables,,,
frozen vegetables,abrasive cleaner,cake bar,frozen meals,coffee,,
coffee,cake bar,fish,frozen meals,honey,,
butter,fish,,,,,
butter,grapes,baking powder,,,,
frozen meals,cake bar,frozen vegetables,butter,,,
honey,abrasive cleaner,fish,,,,
baking powder,butter,ice cream,,,,
baking powder,fish,domestic eggs,cake bar,butter,,
ice cream,baking powder,butter,,,,
frozen vegetables,ice cream,frozen meals,honey,,,
butter,frozen meals,coffee,,,,
honey,cake bar,,,,,
ice cream,fish,domestic eggs,honey,,,
butter,baking powder,cake bar,ice cream,frozen vegetables,,
coffee,baking powder,fish,butter,frozen meals,,
abrasive cleaner,honey,frozen vegetables,fish,ice cream,,
butter,,,,,,
butter,,,,,,
abrasive cleaner,coffee,fish,butter,ice cream,baking powder,frozen meals
grapes,butter,frozen meals,,,,
butter,coffee,baking powder,fish,frozen vegetables,frozen meals,
abrasive cleaner,,,,,,
ice cream,,,,,,
baking powder,butter,domestic eggs,,,,
butter,grapes,baking powder,cake bar,fish,,
baking powder,butter,,,,,
butter,grapes,baking powder,,,,
ice cream,grapes,domestic eggs,honey,fish,,
butter,baking powder,domestic eggs,,,,
grapes,ice cream,fish,,,,
abrasive cleaner,domestic eggs,,,,,
frozen vegetables,domestic eggs,,,,,
frozen meals,butter,frozen vegetables,abrasive cleaner,ice cream,,
fish,,,,,,
baking powder,abrasive cleaner,grapes,cake bar,butter,coffee,frozen meals
butter,abrasive cleaner,coffee,domestic eggs,baking powder,frozen meals,
cake bar,butter,grapes,,,,
baking powder,coffee,butter,abrasive cleaner,fish,frozen meals,
frozen meals,baking powder,coffee,butter,ice cream,,
domestic eggs,grapes,butter,frozen meals,,,
honey,,,,,,
frozen meals,cake bar,grapes,butter,,,
frozen vegetables,,,,,,
ice cream,abrasive cleaner,grapes,,,,
butter,coffee,frozen vegetables,cake bar,frozen meals,,
grapes,honey,fish,ice cream,,,
frozen meals,fish,frozen vegetables,cake bar,,,
grapes,domestic eggs,cake bar,,,,
baking powder,grapes,fish,butter,,,
abrasive cleaner,butter,frozen vegetables,grapes,domestic eggs,,
domestic eggs,,,,,,
honey,,,,,,
butter,,,,,,
honey,,,,,,
ice cream,grapes,abrasive cleaner,honey,frozen meals,,
frozen vegetables,frozen meals,ice cream,,,,
butter,coffee,domestic eggs,baking powder,frozen meals,,
frozen vegetables,domestic eggs,abrasive cleaner,honey,fish,,
coffee,ice cream,butter,frozen vegetables,domestic eggs,fish,frozen meals
coffee,butter,baking powder,domestic eggs,frozen meals,,
cake bar,ice cream,abrasive cleaner,frozen vegetables,,,
domestic eggs,cake bar,baking powder,butter,frozen vegetables,,
coffee,abrasive cleaner,frozen vegetables,frozen meals,,,
butter,ice cream,grapes,baking powder,coffee,frozen meals,
butter,frozen meals,ice cream,baking powder,,,
abrasive cleaner,fish,honey,,,,
cake bar,grapes,butter,,,,
frozen meals,domestic eggs,,,,,
frozen vegetables,butter,fish,baking powder,,,
fish,cake bar,frozen meals,,,,
coffee,frozen vegetables,frozen meals,,,,
fish,butter,coffee,frozen meals,,,
frozen meals,fish,cake bar,,,,
grapes,honey,,,,,
baking powder,domestic eggs,frozen meals,,,,
cake bar,baking powder,butter,frozen meals,,,
butter,ice cream,baking powder,,,,
baking powder,butter,abrasive cleaner,coffee,frozen meals,,
fish,abrasive cleaner,,,,,
grapes,butter,frozen vegetables,fish,,,
baking powder,grapes,frozen meals,butter,,,
frozen vegetables,coffee,frozen meals,,,,
frozen meals,domestic eggs,,,,,
abrasive cleaner,,,,,,
coffee,frozen meals,,,,,
butter,coffee,frozen meals,,,,
grapes,,,,,,
grapes,ice cream,,,,,
frozen vegetables,frozen meals,cake bar,ice cream,,,
abrasive cleaner,frozen vegetables,butter,baking powder,ice cream,,
grapes,baking powder,butter,coffee,frozen meals ,,
domestic eggs,,,,,,
cake bar,frozen meals,ice cream,baking powder,coffee,,
baking powder,coffee,ice cream,cake bar,frozen meals,,
grapes,baking powder,frozen meals,ice cream,,,
butter,frozen meals,grapes,ice cream,baking powder,,
ice cream,,,,,,
abrasive cleaner,,,,,,
coffee,grapes,honey,frozen meals,,,
cake bar,,,,,,
cake bar,butter,ice cream,baking powder,,,
grapes,butter,fish,coffee,frozen meals,,
ice cream,domestic eggs,butter,baking powder,,,
coffee,butter,baking powder,honey,frozen vegetables,frozen meals,
fish,,,,,,
grapes,butter,baking powder,,,,
honey,grapes,coffee,frozen meals,,,
honey,butter,frozen vegetables,frozen meals,,,
coffee,honey,butter,ice cream,frozen meals,,
fish,abrasive cleaner,honey,,,,
cake bar,grapes,frozen vegetables,coffee,frozen meals,,
cake bar,butter,domestic eggs,grapes,frozen vegetables,,
frozen meals,baking powder,frozen vegetables,ice cream,,,
grapes,,,,,,
butter,grapes,,,,,
honey,grapes,ice cream,,,,
cake bar,ice cream,,,,,
fish,butter,domestic eggs,cake bar,frozen vegetables,,
baking powder,fish,,,,,
butter,frozen meals,,,,,
fish,baking powder,,,,,
abrasive cleaner,frozen meals,ice cream,,,,
baking powder,ice cream,frozen vegetables,,,,
abrasive cleaner,,,,,,
domestic eggs,,,,,,
baking powder,grapes,,,,,
abrasive cleaner,ice cream,,,,,
coffee,cake bar,domestic eggs,frozen meals,baking powder,,
domestic eggs,ice cream,coffee,frozen meals,,,
abrasive cleaner,butter,ice cream,,,,
coffee,fish,baking powder,frozen meals,,,
baking powder,domestic eggs,frozen meals,grapes,,,
butter,frozen meals,fish,,,,
cake bar,baking powder,frozen meals,grapes,fish,,
frozen meals,frozen vegetables,butter,,,,
frozen vegetables,abrasive cleaner,cake bar,ice cream,,,
coffee,frozen vegetables,fish,frozen meals ,,,
ice cream,frozen meals,frozen vegetables,domestic eggs,grapes,,
coffee,frozen meals,honey,grapes,,,
grapes,coffee,fish,honey,frozen meals,,
frozen vegetables,grapes,domestic eggs,fish,cake bar,,
fish,abrasive cleaner,,,,,
grapes,frozen meals,coffee,cake bar,fish,,
cake bar,domestic eggs,grapes,baking powder,,,
abrasive cleaner,cake bar,domestic eggs,frozen vegetables,,,
honey,,,,,,
abrasive cleaner,fish,,,,,
grapes,ice cream,frozen vegetables,,,,
fish,honey,frozen meals,frozen vegetables,,,
baking powder,fish,frozen vegetables,frozen meals,butter,domestic eggs,
fish,cake bar,frozen vegetables,coffee,frozen meals,honey,
frozen meals,cake bar,domestic eggs,abrasive cleaner,,,
fish,butter,frozen meals,ice cream,baking powder,,
domestic eggs,abrasive cleaner,coffee,fish,frozen meals,,
coffee,fish,ice cream,baking powder,frozen meals,,
cake bar,frozen vegetables,baking powder,domestic eggs,,,
coffee,butter,baking powder,frozen vegetables,domestic eggs,frozen meals,
coffee,frozen meals,grapes,butter,,,
butter,coffee,domestic eggs,ice cream,frozen vegetables,frozen meals,
honey,abrasive cleaner,domestic eggs,,,,
fish,grapes,baking powder,abrasive cleaner,butter,,
honey,abrasive cleaner,coffee,butter,frozen meals,,
frozen vegetables,coffee,baking powder,fish,frozen meals,,
frozen meals,ice cream,domestic eggs,coffee,fish,honey,
domestic eggs,fish,butter,,,,
fish,frozen meals,,,,,
coffee,frozen meals,butter,honey,,,
frozen meals,grapes,abrasive cleaner,coffee,,,
frozen vegetables,,,,,,
frozen vegetables,domestic eggs,,,,,
butter,grapes,,,,,
abrasive cleaner,domestic eggs,,,,,
coffee,frozen meals,,,,,
baking powder,,,,,,
coffee,frozen meals,,,,,
abrasive cleaner,,,,,,
domestic eggs,,,,,,
coffee,baking powder,frozen meals,,,,
butter,honey,,,,,
cake bar,frozen vegetables,,,,,
ice cream,frozen meals,,,,,
frozen vegetables,frozen meals,honey,domestic eggs,,,
coffee,ice cream,frozen meals,,,,
frozen meals,frozen vegetables,fish,,,,
butter,frozen meals,ice cream,,,,
fish,frozen meals,ice cream,grapes,,,
baking powder,butter,frozen meals,cake bar,,,
cake bar,coffee,butter,frozen meals,,,
baking powder,cake bar,,,,,
butter,fish,,,,,
grapes,frozen vegetables,butter,,,,
honey,grapes,,,,,
baking powder,cake bar,fish,,,,
fish,ice cream,,,,,
grapes,butter,,,,,
domestic eggs,coffee,frozen meals,,,,
cake bar,frozen meals,ice cream,honey,,,
butter,coffee,abrasive cleaner,ice cream,baking powder,fish,frozen meals
ice cream,baking powder,coffee,butter,grapes,frozen meals,
domestic eggs,coffee,frozen meals,abrasive cleaner,fish,cake bar,
frozen vegetables,baking powder,cake bar,abrasive cleaner,ice cream,butter,
baking powder,butter,honey,abrasive cleaner,,,
coffee,butter,fish,domestic eggs,baking powder,frozen vegetables,frozen meals
frozen vegetables,honey,cake bar,baking powder,butter,frozen meals,
fish,ice cream,honey,coffee,frozen meals,,
abrasive cleaner,domestic eggs,fish,frozen vegetables,,,
coffee,butter,grapes,fish,frozen meals,,
frozen vegetables,baking powder,domestic eggs,butter,abrasive cleaner,,
domestic eggs,ice cream,frozen meals,coffee,fish,,
coffee,butter,baking powder,ice cream,frozen meals,,
baking powder,cake bar,butter,fish,coffee,frozen meals,
domestic eggs,ice cream,,,,,
honey,abrasive cleaner,frozen vegetables,butter,,,
butter,frozen vegetables,baking powder,,,,
frozen vegetables,baking powder,grapes,butter,coffee,honey,frozen meals
butter,fish,ice cream,,,,
honey,,,,,,
cake bar,ice cream,,,,,
ice cream,,,,,,
frozen vegetables,ice cream,honey,cake bar,,,
ice cream,baking powder,,,,,
coffee,cake bar,frozen vegetables,baking powder,butter,frozen meals,
coffee,fish,frozen meals,honey,abrasive cleaner,grapes,
baking powder,frozen vegetables,honey,coffee,frozen meals,butter,
frozen vegetables,frozen meals,butter,baking powder,,,
grapes,frozen vegetables,baking powder,frozen meals,butter,,
frozen vegetables,butter,coffee,abrasive cleaner,ice cream,fish,frozen meals
frozen vegetables,coffee,fish,grapes,frozen meals,,
fish,frozen meals,butter,ice cream,,,
baking powder,coffee,butter,grapes,cake bar,frozen meals,
baking powder,butter,grapes,frozen vegetables,cake bar,frozen meals,ice cream
ice cream,grapes,honey,butter,cake bar,,
cake bar,domestic eggs,frozen meals,baking powder,,,
ice cream,coffee,frozen meals,,,,
butter,ice cream,,,,,
fish,baking powder,frozen meals,,,,
domestic eggs,frozen meals,grapes,,,,
frozen meals,fish,,,,,
baking powder,frozen meals,grapes,fish,,,
frozen vegetables,butter,,,,,
abrasive cleaner,cake bar,ice cream,,,,
frozen vegetables,fish,frozen meals ,,,,
frozen meals,frozen vegetables,domestic eggs,grapes,,,
frozen meals,honey,grapes,,,,
coffee,fish,honey,frozen meals,,,
grapes,domestic eggs,fish,cake bar,,,
abrasive cleaner,,,,,,
frozen meals,coffee,cake bar,fish,,,
domestic eggs,grapes,baking powder,,,,
cake bar,domestic eggs,frozen vegetables,,,,
,,,,,,
fish,,,,,,
ice cream,frozen vegetables,,,,,
honey,frozen meals,frozen vegetables,,,,
fish,frozen vegetables,frozen meals,butter,domestic eggs,,
cake bar,frozen vegetables,coffee,frozen meals,honey,,
cake bar,domestic eggs,abrasive cleaner,,,,
butter,frozen meals,ice cream,baking powder,,,
abrasive cleaner,coffee,fish,frozen meals,,,
fish,ice cream,baking powder,frozen meals,,,
frozen vegetables,baking powder,domestic eggs,,,,
butter,baking powder,frozen vegetables,domestic eggs,frozen meals,,
frozen meals,grapes,butter,,,,
coffee,domestic eggs,ice cream,frozen vegetables,frozen meals,,
abrasive cleaner,domestic eggs,,,,,
grapes,baking powder,abrasive cleaner,butter,,,
abrasive cleaner,coffee,butter,frozen meals,,,
coffee,baking powder,fish,frozen meals,,,
ice cream,domestic eggs,coffee,fish,honey,,
fish,butter,,,,,
frozen meals,,,,,,
frozen meals,butter,honey,,,,
grapes,abrasive cleaner,coffee,,,,
,,,,,,
domestic eggs,,,,,,
grapes,,,,,,
domestic eggs,,,,,,
frozen meals,,,,,,
,,,,,,
frozen meals,,,,,,
,,,,,,
,,,,,,
baking powder,frozen meals,,,,,
honey,,,,,,
frozen vegetables,,,,,,
frozen meals,,,,,,
frozen meals,honey,domestic eggs,,,,
ice cream,frozen meals,,,,,
frozen vegetables,fish,,,,,
frozen meals,ice cream,,,,,
frozen meals,ice cream,grapes,,,,
butter,frozen meals,cake bar,,,,
coffee,butter,frozen meals,,,,
cake bar,,,,,,
fish,,,,,,
frozen vegetables,butter,,,,,
grapes,,,,,,
cake bar,fish,,,,,
ice cream,,,,,,
butter,,,,,,
coffee,frozen meals,,,,,
frozen meals,ice cream,honey,,,,
coffee,abrasive cleaner,ice cream,baking powder,fish,frozen meals,
baking powder,coffee,butter,grapes,frozen meals,,
coffee,frozen meals,abrasive cleaner,fish,cake bar,,
baking powder,cake bar,abrasive cleaner,ice cream,butter,,
butter,honey,abrasive cleaner,,,,
butter,fish,domestic eggs,baking powder,frozen vegetables,frozen meals,
honey,cake bar,baking powder,butter,frozen meals,,
ice cream,honey,coffee,frozen meals,,,
domestic eggs,fish,frozen vegetables,,,,
butter,grapes,fish,frozen meals,,,
baking powder,domestic eggs,butter,abrasive cleaner,,,
ice cream,frozen meals,coffee,fish,,,
butter,baking powder,ice cream,frozen meals,,,
cake bar,butter,fish,coffee,frozen meals,,
ice cream,,,,,,
abrasive cleaner,frozen vegetables,butter,,,,
frozen vegetables,baking powder,,,,,
baking powder,grapes,butter,coffee,honey,frozen meals,
fish,ice cream,,,,,
,,,,,,
ice cream,,,,,,
,,,,,,
ice cream,honey,cake bar,,,,
baking powder,,,,,,
cake bar,frozen vegetables,baking powder,butter,frozen meals,,
fish,frozen meals,honey,abrasive cleaner,grapes,,
frozen vegetables,honey,coffee,frozen meals,butter,,
frozen meals,butter,baking powder,,,,
frozen vegetables,baking powder,frozen meals,butter,,,
butter,coffee,abrasive cleaner,ice cream,fish,frozen meals,
coffee,fish,grapes,frozen meals,,,
frozen meals,butter,ice cream,,,,
coffee,butter,grapes,cake bar,frozen meals,,
butter,grapes,frozen vegetables,cake bar,frozen meals,ice cream,
grapes,honey,butter,cake bar,,,
ice cream,grapes,domestic eggs,butter,frozen vegetables,baking powder,
butter,baking powder,frozen meals,frozen vegetables,coffee,,
butter,frozen meals,ice cream,honey,,,
baking powder,frozen vegetables,abrasive cleaner,butter,frozen meals,,
grapes,coffee,frozen vegetables,frozen meals,,,
coffee,baking powder,frozen vegetables,honey,frozen meals,,
frozen meals,coffee,fish,frozen vegetables,,,
fish,ice cream,grapes,frozen meals,,,
frozen vegetables,frozen meals,coffee,grapes,,,
ice cream,grapes,coffee,baking powder,frozen meals,,
butter,coffee,ice cream,abrasive cleaner,frozen vegetables,,
fish,cake bar,baking powder,coffee,butter,frozen meals,
baking powder,coffee,frozen meals,butter,,,
ice cream,abrasive cleaner,fish,coffee,frozen meals ,,
butter,baking powder,coffee,ice cream,frozen meals ,,
frozen vegetables,abrasive cleaner,ice cream,butter,coffee,,
baking powder,ice cream,butter,frozen meals,,,
ice cream,frozen vegetables,coffee,cake bar,frozen meals,,
honey,fish,abrasive cleaner,domestic eggs,,,
butter,frozen meals,fish,ice cream,frozen vegetables,,
coffee,honey,fish,frozen meals,,,
honey,frozen meals,fish,,,,
abrasive cleaner,frozen vegetables,baking powder,butter,domestic eggs,,
frozen meals,domestic eggs,ice cream,,,,
ice cream,cake bar,honey,,,,
baking powder,domestic eggs,butter,frozen meals,,,
coffee,butter,baking powder,domestic eggs,frozen meals,,
frozen vegetables,frozen meals,fish,,,,
butter,fish,frozen meals,baking powder,ice cream,,
butter,baking powder,frozen meals,frozen vegetables,,,
baking powder,domestic eggs,butter,,,,
fish,frozen vegetables,frozen meals,baking powder,butter,,
butter,baking powder,domestic eggs,,,,
butter,coffee,baking powder,frozen meals,,,
butter,coffee,domestic eggs,baking powder,frozen meals,,
fish,frozen meals,abrasive cleaner,,,,
baking powder,cake bar,butter,frozen vegetables,,,
domestic eggs,honey,,,,,
frozen meals,fish,domestic eggs,,,,
baking powder,frozen meals,domestic eggs,butter,,,
fish,frozen meals,domestic eggs,coffee,,,
butter,baking powder,domestic eggs,,,,
frozen meals,frozen vegetables,baking powder,butter,,,
coffee,baking powder,butter,ice cream,frozen meals,,
fish,butter,baking powder,,,,
frozen vegetables,,,,,,
frozen vegetables,abrasive cleaner,ice cream,,,,
fish,coffee,frozen meals,ice cream,honey,,
coffee,butter,baking powder,domestic eggs,frozen meals,,
honey,frozen meals,ice cream,coffee,,,
frozen vegetables,baking powder,butter,frozen meals,,,
honey,coffee,frozen meals,,,,
honey,domestic eggs,frozen meals,coffee,,,
frozen vegetables,domestic eggs,fish,honey,,,
coffee,domestic eggs,butter,baking powder,frozen meals,,
butter,coffee,baking powder,ice cream,fish,frozen meals,
baking powder,butter,coffee,frozen meals,,,
baking powder,domestic eggs,coffee,frozen meals,,,
coffee,ice cream,fish,frozen meals,,,
frozen meals,baking powder,butter,,,,
butter,fish,,,,,
butter,grapes,baking powder,,,,
frozen meals,cake bar,frozen vegetables,butter,,,
honey,abrasive cleaner,fish,,,,
baking powder,butter,ice cream,,,,
baking powder,fish,domestic eggs,cake bar,butter,,
ice cream,baking powder,butter,,,,
frozen vegetables,ice cream,frozen meals,honey,,,
butter,frozen meals,coffee,,,,
honey,cake bar,,,,,
ice cream,fish,domestic eggs,honey,,,
butter,baking powder,cake bar,ice cream,frozen vegetables,,
coffee,baking powder,fish,butter,frozen meals,,
abrasive cleaner,honey,frozen vegetables,fish,ice cream,,
butter,,,,,,
butter,,,,,,
abrasive cleaner,coffee,fish,butter,ice cream,baking powder,
grapes,butter,frozen meals,,,,
butter,coffee,baking powder,fish,frozen vegetables,frozen meals,
abrasive cleaner,,,,,,
ice cream,,,,,,
baking powder,butter,domestic eggs,,,,
butter,grapes,baking powder,cake bar,fish,,
baking powder,butter,,,,,
butter,grapes,baking powder,,,,
ice cream,grapes,domestic eggs,honey,fish,,
butter,baking powder,domestic eggs,,,,
grapes,ice cream,fish,,,,
abrasive cleaner,domestic eggs,,,,,
frozen vegetables,domestic eggs,,,,,
frozen meals,butter,frozen vegetables,abrasive cleaner,ice cream,,
fish,,,,,,
baking powder,abrasive cleaner,grapes,cake bar,butter,coffee,
butter,abrasive cleaner,coffee,domestic eggs,baking powder,frozen meals,
cake bar,butter,grapes,,,,
baking powder,coffee,butter,abrasive cleaner,fish,frozen meals,
frozen meals,baking powder,coffee,butter,ice cream,,
domestic eggs,grapes,butter,frozen meals,,,
honey,,,,,,
frozen meals,cake bar,grapes,butter,,,
frozen vegetables,,,,,,
ice cream,abrasive cleaner,grapes,,,,
butter,coffee,frozen vegetables,cake bar,frozen meals,,
grapes,honey,fish,ice cream,,,
frozen meals,fish,frozen vegetables,cake bar,,,
grapes,domestic eggs,cake bar,,,,
baking powder,grapes,fish,butter,,,
abrasive cleaner,butter,frozen vegetables,grapes,domestic eggs,,
domestic eggs,,,,,,
honey,,,,,,
butter,,,,,,
honey,,,,,,
ice cream,grapes,abrasive cleaner,honey,frozen meals,,
frozen vegetables,frozen meals,ice cream,,,,
butter,coffee,domestic eggs,baking powder,frozen meals,,
frozen vegetables,domestic eggs,abrasive cleaner,honey,fish,,
coffee,ice cream,butter,frozen vegetables,domestic eggs,fish,
coffee,butter,baking powder,domestic eggs,frozen meals,,
cake bar,ice cream,abrasive cleaner,frozen vegetables,,,
domestic eggs,cake bar,baking powder,butter,frozen vegetables,,
coffee,abrasive cleaner,frozen vegetables,frozen meals,,,
butter,ice cream,grapes,baking powder,coffee,frozen meals,
butter,frozen meals,ice cream,baking powder,,,
abrasive cleaner,fish,honey,,,,
cake bar,grapes,butter,,,,
frozen meals,domestic eggs,,,,,
frozen vegetables,butter,fish,baking powder,,,
fish,cake bar,frozen meals,,,,
coffee,frozen vegetables,frozen meals,,,,
fish,butter,coffee,frozen meals,,,
frozen meals,fish,cake bar,,,,
grapes,honey,,,,,
baking powder,domestic eggs,frozen meals,,,,
cake bar,baking powder,butter,frozen meals,,,
butter,ice cream,baking powder,,,,
baking powder,butter,abrasive cleaner,coffee,frozen meals,,
fish,abrasive cleaner,,,,,
grapes,butter,frozen vegetables,fish,,,
baking powder,grapes,frozen meals,butter,,,
frozen vegetables,coffee,frozen meals,,,,
frozen meals,domestic eggs,,,,,
abrasive cleaner,,,,,,
coffee,frozen meals,,,,,
butter,coffee,frozen meals,,,,
grapes,,,,,,
grapes,ice cream,,,,,
frozen vegetables,frozen meals,cake bar,ice cream,,,
abrasive cleaner,frozen vegetables,butter,baking powder,ice cream,,
grapes,baking powder,butter,coffee,frozen meals ,,
domestic eggs,,,,,,
cake bar,frozen meals,ice cream,baking powder,coffee,,
baking powder,coffee,ice cream,cake bar,frozen meals,,
grapes,baking powder,frozen meals,ice cream,,,
butter,frozen meals,grapes,ice cream,baking powder,,
ice cream,,,,,,
abrasive cleaner,,,,,,
coffee,grapes,honey,frozen meals,,,
cake bar,,,,,,
cake bar,butter,ice cream,baking powder,,,
grapes,butter,fish,coffee,frozen meals,,
ice cream,domestic eggs,butter,baking powder,,,
coffee,butter,baking powder,honey,frozen vegetables,frozen meals,
fish,,,,,,
grapes,butter,baking powder,,,,
honey,grapes,coffee,frozen meals,,,
honey,butter,frozen vegetables,frozen meals,,,
coffee,honey,butter,ice cream,frozen meals,,
fish,abrasive cleaner,honey,,,,
cake bar,grapes,frozen vegetables,coffee,frozen meals,,
cake bar,butter,domestic eggs,grapes,frozen vegetables,,
frozen meals,baking powder,frozen vegetables,ice cream,,,
grapes,,,,,,
butter,grapes,,,,,
honey,grapes,ice cream,,,,
cake bar,ice cream,,,,,
fish,butter,domestic eggs,cake bar,frozen vegetables,,
baking powder,fish,,,,,
butter,frozen meals,,,,,
fish,baking powder,,,,,
abrasive cleaner,frozen meals,ice cream,,,,
baking powder,ice cream,frozen vegetables,,,,
abrasive cleaner,,,,,,
domestic eggs,,,,,,
baking powder,grapes,,,,,
abrasive cleaner,ice cream,,,,,
coffee,cake bar,domestic eggs,frozen meals,baking powder,,
domestic eggs,ice cream,coffee,frozen meals,,,
abrasive cleaner,butter,ice cream,,,,
coffee,fish,baking powder,frozen meals,,,
baking powder,domestic eggs,frozen meals,grapes,,,
butter,frozen meals,fish,,,,
cake bar,baking powder,frozen meals,grapes,fish,,
frozen meals,frozen vegetables,butter,,,,
frozen vegetables,abrasive cleaner,cake bar,ice cream,,,
coffee,frozen vegetables,fish,frozen meals ,,,
ice cream,frozen meals,frozen vegetables,domestic eggs,grapes,,
coffee,frozen meals,honey,grapes,,,
grapes,coffee,fish,honey,frozen meals,,
frozen vegetables,grapes,domestic eggs,fish,cake bar,,
fish,abrasive cleaner,,,,,
grapes,frozen meals,coffee,cake bar,fish,,
cake bar,domestic eggs,grapes,baking powder,,,
abrasive cleaner,cake bar,domestic eggs,frozen vegetables,,,
honey,,,,,,
abrasive cleaner,fish,,,,,
grapes,ice cream,frozen vegetables,,,,
fish,honey,frozen meals,frozen vegetables,,,
baking powder,fish,frozen vegetables,frozen meals,butter,domestic eggs,
fish,cake bar,frozen vegetables,coffee,frozen meals,honey,
frozen meals,cake bar,domestic eggs,abrasive cleaner,,,
fish,butter,frozen meals,ice cream,baking powder,,
domestic eggs,abrasive cleaner,coffee,fish,frozen meals,,
coffee,fish,ice cream,baking powder,frozen meals,,
cake bar,frozen vegetables,baking powder,domestic eggs,,,
coffee,butter,baking powder,frozen vegetables,domestic eggs,frozen meals,
coffee,frozen meals,grapes,butter,,,
butter,coffee,domestic eggs,ice cream,frozen vegetables,frozen meals,
honey,abrasive cleaner,domestic eggs,,,,
fish,grapes,baking powder,abrasive cleaner,butter,,
honey,abrasive cleaner,coffee,butter,frozen meals,,
frozen vegetables,coffee,baking powder,fish,frozen meals,,
frozen meals,ice cream,domestic eggs,coffee,fish,honey,
domestic eggs,fish,butter,,,,
fish,frozen meals,,,,,
coffee,frozen meals,butter,honey,,,
frozen meals,grapes,abrasive cleaner,coffee,,,
frozen vegetables,,,,,,
frozen vegetables,domestic eggs,,,,,
butter,grapes,,,,,
abrasive cleaner,domestic eggs,,,,,
coffee,frozen meals,,,,,
baking powder,,,,,,
coffee,frozen meals,,,,,
abrasive cleaner,,,,,,
domestic eggs,,,,,,
coffee,baking powder,frozen meals,,,,
butter,honey,,,,,
cake bar,frozen vegetables,,,,,
ice cream,frozen meals,,,,,
frozen vegetables,frozen meals,honey,domestic eggs,,,
coffee,ice cream,frozen meals,,,,
frozen meals,frozen vegetables,fish,,,,
butter,frozen meals,ice cream,,,,
fish,frozen meals,ice cream,grapes,,,
baking powder,butter,frozen meals,cake bar,,,
cake bar,coffee,butter,frozen meals,,,
baking powder,cake bar,,,,,
butter,fish,,,,,
grapes,frozen vegetables,butter,,,,
honey,grapes,,,,,
baking powder,cake bar,fish,,,,
fish,ice cream,,,,,
grapes,butter,,,,,
domestic eggs,coffee,frozen meals,,,,
cake bar,frozen meals,ice cream,honey,,,
butter,coffee,abrasive cleaner,ice cream,baking powder,fish,
ice cream,baking powder,coffee,butter,grapes,frozen meals,
domestic eggs,coffee,frozen meals,abrasive cleaner,fish,cake bar,
frozen vegetables,baking powder,cake bar,abrasive cleaner,ice cream,butter,
baking powder,butter,honey,abrasive cleaner,,,
coffee,butter,fish,domestic eggs,baking powder,frozen vegetables,
frozen vegetables,honey,cake bar,baking powder,butter,frozen meals,
fish,ice cream,honey,coffee,frozen meals,,
abrasive cleaner,domestic eggs,fish,frozen vegetables,,,
coffee,butter,grapes,fish,frozen meals,,
frozen vegetables,baking powder,domestic eggs,butter,abrasive cleaner,,
domestic eggs,ice cream,frozen meals,coffee,fish,,
coffee,butter,baking powder,ice cream,frozen meals,,
baking powder,cake bar,butter,fish,coffee,frozen meals,
domestic eggs,ice cream,,,,,
honey,abrasive cleaner,frozen vegetables,butter,,,
butter,frozen vegetables,baking powder,,,,
frozen vegetables,baking powder,grapes,butter,coffee,honey,
butter,fish,ice cream,,,,
honey,,,,,,
cake bar,ice cream,,,,,
ice cream,,,,,,
frozen vegetables,ice cream,honey,cake bar,,,
ice cream,baking powder,,,,,
coffee,cake bar,frozen vegetables,baking powder,butter,frozen meals,
coffee,fish,frozen meals,honey,abrasive cleaner,grapes,
baking powder,frozen vegetables,honey,coffee,frozen meals,butter,
frozen vegetables,frozen meals,butter,baking powder,,,
grapes,frozen vegetables,baking powder,frozen meals,butter,,
frozen vegetables,butter,coffee,abrasive cleaner,ice cream,fish,
frozen vegetables,coffee,fish,grapes,frozen meals,,
fish,frozen meals,butter,ice cream,,,
baking powder,coffee,butter,grapes,cake bar,frozen meals,
baking powder,butter,grapes,frozen vegetables,cake bar,frozen meals,
ice cream,grapes,honey,butter,cake bar,,
honey,ice cream,grapes,domestic eggs,butter,frozen vegetables,
fish,butter,baking powder,frozen meals,frozen vegetables,coffee,
cake bar,butter,frozen meals,ice cream,honey,,
coffee,baking powder,frozen vegetables,abrasive cleaner,butter,frozen meals,
cake bar,grapes,coffee,frozen vegetables,frozen meals,,
butter,coffee,baking powder,frozen vegetables,honey,frozen meals,
grapes,frozen meals,coffee,fish,frozen vegetables,,
coffee,fish,ice cream,grapes,frozen meals,,
ice cream,frozen vegetables,frozen meals,coffee,grapes,,
abrasive cleaner,ice cream,grapes,coffee,baking powder,frozen meals,
frozen meals,butter,coffee,ice cream,abrasive cleaner,frozen vegetables,
domestic eggs,fish,cake bar,baking powder,coffee,butter,
fish,grapes,butter,frozen meals,ice cream,cake bar,
frozen meals,butter,baking powder,coffee,,,
abrasive cleaner,butter,coffee,honey,frozen meals,,
baking powder,coffee,frozen meals,butter,,,
ice cream,abrasive cleaner,fish,coffee,frozen meals ,,
butter,baking powder,coffee,ice cream,frozen meals ,,
frozen vegetables,abrasive cleaner,ice cream,butter,coffee,,
baking powder,ice cream,butter,frozen meals,,,
ice cream,frozen vegetables,coffee,cake bar,frozen meals,,
honey,fish,abrasive cleaner,domestic eggs,,,
butter,frozen meals,fish,ice cream,frozen vegetables,,
coffee,honey,fish,frozen meals,,,
honey,frozen meals,fish,,,,
abrasive cleaner,frozen vegetables,baking powder,butter,domestic eggs,,
frozen meals,domestic eggs,ice cream,,,,
ice cream,cake bar,honey,,,,
baking powder,domestic eggs,butter,frozen meals,,,
coffee,butter,baking powder,domestic eggs,frozen meals,,
frozen vegetables,frozen meals,fish,,,,
butter,fish,frozen meals,baking powder,ice cream,,
butter,baking powder,frozen meals,frozen vegetables,,,
baking powder,domestic eggs,butter,,,,
fish,frozen vegetables,frozen meals,baking powder,butter,,
butter,baking powder,domestic eggs,,,,
butter,coffee,baking powder,frozen meals,,,
butter,coffee,domestic eggs,baking powder,frozen meals,,
fish,frozen meals,abrasive cleaner,,,,
baking powder,cake bar,butter,frozen vegetables,,,
domestic eggs,honey,,,,,
frozen meals,fish,domestic eggs,,,,
baking powder,frozen meals,domestic eggs,butter,,,
fish,frozen meals,domestic eggs,coffee,,,
butter,baking powder,domestic eggs,,,,
frozen meals,frozen vegetables,baking powder,butter,,,
coffee,baking powder,butter,ice cream,frozen meals,,
fish,butter,baking powder,,,,
frozen vegetables,,,,,,
frozen vegetables,abrasive cleaner,ice cream,,,,
fish,coffee,frozen meals,ice cream,honey,,
coffee,butter,baking powder,domestic eggs,frozen meals,,
honey,frozen meals,ice cream,coffee,,,
frozen vegetables,baking powder,butter,frozen meals,,,
honey,coffee,frozen meals,,,,
honey,domestic eggs,frozen meals,coffee,,,
frozen vegetables,domestic eggs,fish,honey,,,
coffee,domestic eggs,butter,baking powder,frozen meals,,
butter,coffee,baking powder,ice cream,fish,frozen meals,
baking powder,butter,coffee,frozen meals,,,
baking powder,domestic eggs,coffee,frozen meals,,,
coffee,ice cream,fish,frozen meals,,,
frozen meals,baking powder,butter,,,,
butter,fish,,,,,
butter,grapes,baking powder,,,,
frozen meals,cake bar,frozen vegetables,butter,,,
honey,abrasive cleaner,fish,,,,
baking powder,butter,ice cream,,,,
baking powder,fish,domestic eggs,cake bar,butter,,
ice cream,baking powder,butter,,,,
frozen vegetables,ice cream,frozen meals,honey,,,
butter,frozen meals,coffee,,,,
honey,cake bar,,,,,
ice cream,fish,domestic eggs,honey,,,
butter,baking powder,cake bar,ice cream,frozen vegetables,,
coffee,baking powder,fish,butter,frozen meals,,
abrasive cleaner,honey,frozen vegetables,fish,ice cream,,
butter,,,,,,
butter,,,,,,
abrasive cleaner,coffee,fish,butter,ice cream,baking powder,frozen meals
grapes,butter,frozen meals,,,,
butter,coffee,baking powder,fish,frozen vegetables,frozen meals,
abrasive cleaner,,,,,,
ice cream,,,,,,
baking powder,butter,domestic eggs,,,,
butter,grapes,baking powder,cake bar,fish,,
baking powder,butter,,,,,
butter,grapes,baking powder,,,,
ice cream,grapes,domestic eggs,honey,fish,,
butter,baking powder,domestic eggs,,,,
grapes,ice cream,fish,,,,
abrasive cleaner,domestic eggs,,,,,
frozen vegetables,domestic eggs,,,,,
frozen meals,butter,frozen vegetables,abrasive cleaner,ice cream,,
fish,,,,,,
baking powder,abrasive cleaner,grapes,cake bar,butter,coffee,frozen meals
butter,abrasive cleaner,coffee,domestic eggs,baking powder,frozen meals,
cake bar,butter,grapes,,,,
baking powder,coffee,butter,abrasive cleaner,fish,frozen meals,
frozen meals,baking powder,coffee,butter,ice cream,,
domestic eggs,grapes,butter,frozen meals,,,
honey,,,,,,
frozen meals,cake bar,grapes,butter,,,
frozen vegetables,,,,,,
ice cream,abrasive cleaner,grapes,,,,
butter,coffee,frozen vegetables,cake bar,frozen meals,,
grapes,honey,fish,ice cream,,,
frozen meals,fish,frozen vegetables,cake bar,,,
grapes,domestic eggs,cake bar,,,,
baking powder,grapes,fish,butter,,,
abrasive cleaner,butter,frozen vegetables,grapes,domestic eggs,,
domestic eggs,,,,,,
honey,,,,,,
butter,,,,,,
honey,,,,,,
ice cream,grapes,abrasive cleaner,honey,frozen meals,,
frozen vegetables,frozen meals,ice cream,,,,
butter,coffee,domestic eggs,baking powder,frozen meals,,
frozen vegetables,domestic eggs,abrasive cleaner,honey,fish,,
coffee,ice cream,butter,frozen vegetables,domestic eggs,fish,frozen meals
coffee,butter,baking powder,domestic eggs,frozen meals,,
cake bar,ice cream,abrasive cleaner,frozen vegetables,,,
domestic eggs,cake bar,baking powder,butter,frozen vegetables,,
coffee,abrasive cleaner,frozen vegetables,frozen meals,,,
butter,ice cream,grapes,baking powder,coffee,frozen meals,
butter,frozen meals,ice cream,baking powder,,,
abrasive cleaner,fish,honey,,,,
cake bar,grapes,butter,,,,
frozen meals,domestic eggs,,,,,
frozen vegetables,butter,fish,baking powder,,,
fish,cake bar,frozen meals,,,,
coffee,frozen vegetables,frozen meals,,,,
fish,butter,coffee,frozen meals,,,
frozen meals,fish,cake bar,,,,
grapes,honey,,,,,
baking powder,domestic eggs,frozen meals,,,,
cake bar,baking powder,butter,frozen meals,,,
butter,ice cream,baking powder,,,,
baking powder,butter,abrasive cleaner,coffee,frozen meals,,
fish,abrasive cleaner,,,,,
grapes,butter,frozen vegetables,fish,,,
baking powder,grapes,frozen meals,butter,,,
frozen vegetables,coffee,frozen meals,,,,
frozen meals,domestic eggs,,,,,
abrasive cleaner,,,,,,
coffee,frozen meals,,,,,
butter,coffee,frozen meals,,,,
grapes,,,,,,
grapes,ice cream,,,,,
frozen vegetables,frozen meals,cake bar,ice cream,,,
abrasive cleaner,frozen vegetables,butter,baking powder,ice cream,,
grapes,baking powder,butter,coffee,frozen meals ,,
domestic eggs,,,,,,
cake bar,frozen meals,ice cream,baking powder,coffee,,
baking powder,coffee,ice cream,cake bar,frozen meals,,
grapes,baking powder,frozen meals,ice cream,,,
butter,frozen meals,grapes,ice cream,baking powder,,
ice cream,,,,,,
abrasive cleaner,,,,,,
coffee,grapes,honey,frozen meals,,,
cake bar,,,,,,
cake bar,butter,ice cream,baking powder,,,
grapes,butter,fish,coffee,frozen meals,,
ice cream,domestic eggs,butter,baking powder,,,
coffee,butter,baking powder,honey,frozen vegetables,frozen meals,
fish,,,,,,
grapes,butter,baking powder,,,,
honey,grapes,coffee,frozen meals,,,
honey,butter,frozen vegetables,frozen meals,,,
coffee,honey,butter,ice cream,frozen meals,,
fish,abrasive cleaner,honey,,,,
cake bar,grapes,frozen vegetables,coffee,frozen meals,,
cake bar,butter,domestic eggs,grapes,frozen vegetables,,
frozen meals,baking powder,frozen vegetables,ice cream,,,
grapes,,,,,,
butter,grapes,,,,,
honey,grapes,ice cream,,,,
cake bar,ice cream,,,,,
fish,butter,domestic eggs,cake bar,frozen vegetables,,
baking powder,fish,,,,,
butter,frozen meals,,,,,
fish,baking powder,,,,,
abrasive cleaner,frozen meals,ice cream,,,,
baking powder,ice cream,frozen vegetables,,,,
abrasive cleaner,,,,,,
domestic eggs,,,,,,
baking powder,grapes,,,,,
abrasive cleaner,ice cream,,,,,
coffee,cake bar,domestic eggs,frozen meals,baking powder,,
domestic eggs,ice cream,coffee,frozen meals,,,
abrasive cleaner,butter,ice cream,,,,
coffee,fish,baking powder,frozen meals,,,
baking powder,domestic eggs,frozen meals,grapes,,,
butter,frozen meals,fish,,,,
cake bar,baking powder,frozen meals,grapes,fish,,
frozen meals,frozen vegetables,butter,,,,
frozen vegetables,abrasive cleaner,cake bar,ice cream,,,
coffee,frozen vegetables,fish,frozen meals ,,,
ice cream,frozen meals,frozen vegetables,domestic eggs,grapes,,
coffee,frozen meals,honey,grapes,,,
grapes,coffee,fish,honey,frozen meals,,
frozen vegetables,grapes,domestic eggs,fish,cake bar,,
fish,abrasive cleaner,,,,,
grapes,frozen meals,coffee,cake bar,fish,,
cake bar,domestic eggs,grapes,baking powder,,,
abrasive cleaner,cake bar,domestic eggs,frozen vegetables,,,
honey,,,,,,
abrasive cleaner,fish,,,,,
grapes,ice cream,frozen vegetables,,,,
fish,honey,frozen meals,frozen vegetables,,,
baking powder,fish,frozen vegetables,frozen meals,butter,domestic eggs,
fish,cake bar,frozen vegetables,coffee,frozen meals,honey,
frozen meals,cake bar,domestic eggs,abrasive cleaner,,,
fish,butter,frozen meals,ice cream,baking powder,,
domestic eggs,abrasive cleaner,coffee,fish,frozen meals,,
coffee,fish,ice cream,baking powder,frozen meals,,
cake bar,frozen vegetables,baking powder,domestic eggs,,,
coffee,butter,baking powder,frozen vegetables,domestic eggs,frozen meals,
coffee,frozen meals,grapes,butter,,,
butter,coffee,domestic eggs,ice cream,frozen vegetables,frozen meals,
honey,abrasive cleaner,domestic eggs,,,,
fish,grapes,baking powder,abrasive cleaner,butter,,
honey,abrasive cleaner,coffee,butter,frozen meals,,
frozen vegetables,coffee,baking powder,fish,frozen meals,,
frozen meals,ice cream,domestic eggs,coffee,fish,honey,
domestic eggs,fish,butter,,,,
fish,frozen meals,,,,,
coffee,frozen meals,butter,honey,,,
frozen meals,grapes,abrasive cleaner,coffee,,,
frozen vegetables,,,,,,
frozen vegetables,domestic eggs,,,,,
butter,grapes,,,,,
abrasive cleaner,domestic eggs,,,,,
coffee,frozen meals,,,,,
baking powder,,,,,,
coffee,frozen meals,,,,,
abrasive cleaner,,,,,,
domestic eggs,,,,,,
coffee,baking powder,frozen meals,,,,
butter,honey,,,,,
cake bar,frozen vegetables,,,,,
ice cream,frozen meals,,,,,
frozen vegetables,frozen meals,honey,domestic eggs,,,
coffee,ice cream,frozen meals,,,,
frozen meals,frozen vegetables,fish,,,,
butter,frozen meals,ice cream,,,,
fish,frozen meals,ice cream,grapes,,,
baking powder,butter,frozen meals,cake bar,,,
cake bar,coffee,butter,frozen meals,,,
baking powder,cake bar,,,,,
butter,fish,,,,,
grapes,frozen vegetables,butter,,,,
honey,grapes,,,,,
baking powder,cake bar,fish,,,,
fish,ice cream,,,,,
grapes,butter,,,,,
domestic eggs,coffee,frozen meals,,,,
cake bar,frozen meals,ice cream,honey,,,
butter,coffee,abrasive cleaner,ice cream,baking powder,fish,frozen meals
ice cream,baking powder,coffee,butter,grapes,frozen meals,
domestic eggs,coffee,frozen meals,abrasive cleaner,fish,cake bar,
frozen vegetables,baking powder,cake bar,abrasive cleaner,ice cream,butter,
baking powder,butter,honey,abrasive cleaner,,,
coffee,butter,fish,domestic eggs,baking powder,frozen vegetables,frozen meals
frozen vegetables,honey,cake bar,baking powder,butter,frozen meals,
fish,ice cream,honey,coffee,frozen meals,,
abrasive cleaner,domestic eggs,fish,frozen vegetables,,,
coffee,butter,grapes,fish,frozen meals,,
frozen vegetables,baking powder,domestic eggs,butter,abrasive cleaner,,
domestic eggs,ice cream,frozen meals,coffee,fish,,
coffee,butter,baking powder,ice cream,frozen meals,,
baking powder,cake bar,butter,fish,coffee,frozen meals,
domestic eggs,ice cream,,,,,
honey,abrasive cleaner,frozen vegetables,butter,,,
butter,frozen vegetables,baking powder,,,,
frozen vegetables,baking powder,grapes,butter,coffee,honey,frozen meals
butter,fish,ice cream,,,,
honey,,,,,,
cake bar,ice cream,,,,,
ice cream,,,,,,
frozen vegetables,ice cream,honey,cake bar,,,
ice cream,baking powder,,,,,
coffee,cake bar,frozen vegetables,baking powder,butter,frozen meals,
coffee,fish,frozen meals,honey,abrasive cleaner,grapes,
baking powder,frozen vegetables,honey,coffee,frozen meals,butter,
frozen vegetables,frozen meals,butter,baking powder,,,
grapes,frozen vegetables,baking powder,frozen meals,butter,,
frozen vegetables,butter,coffee,abrasive cleaner,ice cream,fish,frozen meals
frozen vegetables,coffee,fish,grapes,frozen meals,,
fish,frozen meals,butter,ice cream,,,
baking powder,coffee,butter,grapes,cake bar,frozen meals,
baking powder,butter,grapes,frozen vegetables,cake bar,frozen meals,ice cream
ice cream,grapes,honey,butter,cake bar,,
honey,ice cream,grapes,domestic eggs,butter,frozen vegetables,baking powder
fish,butter,baking powder,frozen meals,frozen vegetables,coffee,
cake bar,butter,frozen meals,ice cream,honey,,
coffee,baking powder,frozen vegetables,abrasive cleaner,butter,frozen meals,
cake bar,grapes,coffee,frozen vegetables,frozen meals,,
butter,coffee,baking powder,frozen vegetables,honey,frozen meals,
grapes,frozen meals,coffee,fish,frozen vegetables,,
coffee,fish,ice cream,grapes,frozen meals,,
ice cream,frozen vegetables,frozen meals,coffee,grapes,,
abrasive cleaner,ice cream,grapes,coffee,baking powder,frozen meals,
frozen meals,butter,coffee,ice cream,abrasive cleaner,frozen vegetables,
domestic eggs,fish,cake bar,baking powder,coffee,butter,frozen meals
fish,grapes,butter,frozen meals,ice cream,cake bar,
frozen meals,butter,baking powder,coffee,,,
abrasive cleaner,butter,coffee,honey,frozen meals,,
frozen meals,fish,frozen vegetables,coffee,cake bar,baking powder,
butter,fish,abrasive cleaner,cake bar,ice cream,coffee,frozen meals
abrasive cleaner,cake bar,grapes,frozen vegetables,baking powder,butter,
grapes,baking powder,cake bar,butter,frozen meals,frozen vegetables,
fish,frozen meals,coffee,frozen vegetables,,,
frozen vegetables,abrasive cleaner,cake bar,frozen meals,coffee,,
coffee,cake bar,fish,frozen meals,honey,,
butter,fish,,,,,
butter,grapes,baking powder,,,,
frozen meals,cake bar,frozen vegetables,butter,,,
honey,abrasive cleaner,fish,,,,
baking powder,butter,ice cream,,,,
baking powder,fish,domestic eggs,cake bar,butter,,
ice cream,baking powder,butter,,,,
frozen vegetables,ice cream,frozen meals,honey,,,
butter,frozen meals,coffee,,,,
honey,cake bar,,,,,
ice cream,fish,domestic eggs,honey,,,
butter,baking powder,cake bar,ice cream,frozen vegetables,,
coffee,baking powder,fish,butter,frozen meals,,
abrasive cleaner,honey,frozen vegetables,fish,ice cream,,
butter,,,,,,
butter,,,,,,
abrasive cleaner,coffee,fish,butter,ice cream,baking powder,frozen meals
grapes,butter,frozen meals,,,,
butter,coffee,baking powder,fish,frozen vegetables,frozen meals,
abrasive cleaner,,,,,,
ice cream,,,,,,
baking powder,butter,domestic eggs,,,,
butter,grapes,baking powder,cake bar,fish,,
baking powder,butter,,,,,
butter,grapes,baking powder,,,,
ice cream,grapes,domestic eggs,honey,fish,,
butter,baking powder,domestic eggs,,,,
grapes,ice cream,fish,,,,
abrasive cleaner,domestic eggs,,,,,
frozen vegetables,domestic eggs,,,,,
frozen meals,butter,frozen vegetables,abrasive cleaner,ice cream,,
fish,,,,,,
baking powder,abrasive cleaner,grapes,cake bar,butter,coffee,frozen meals
butter,abrasive cleaner,coffee,domestic eggs,baking powder,frozen meals,
cake bar,butter,grapes,,,,
baking powder,coffee,butter,abrasive cleaner,fish,frozen meals,
frozen meals,baking powder,coffee,butter,ice cream,,
domestic eggs,grapes,butter,frozen meals,,,
honey,,,,,,
frozen meals,cake bar,grapes,butter,,,
frozen vegetables,,,,,,
ice cream,abrasive cleaner,grapes,,,,
butter,coffee,frozen vegetables,cake bar,frozen meals,,
grapes,honey,fish,ice cream,,,
frozen meals,fish,frozen vegetables,cake bar,,,
grapes,domestic eggs,cake bar,,,,
baking powder,grapes,fish,butter,,,
abrasive cleaner,butter,frozen vegetables,grapes,domestic eggs,,
domestic eggs,,,,,,
honey,,,,,,
butter,,,,,,
honey,,,,,,
ice cream,grapes,abrasive cleaner,honey,frozen meals,,
frozen vegetables,frozen meals,ice cream,,,,
butter,coffee,domestic eggs,baking powder,frozen meals,,
frozen vegetables,domestic eggs,abrasive cleaner,honey,fish,,
coffee,ice cream,butter,frozen vegetables,domestic eggs,fish,frozen meals
coffee,butter,baking powder,domestic eggs,frozen meals,,
cake bar,ice cream,abrasive cleaner,frozen vegetables,,,
domestic eggs,cake bar,baking powder,butter,frozen vegetables,,
coffee,abrasive cleaner,frozen vegetables,frozen meals,,,
butter,ice cream,grapes,baking powder,coffee,frozen meals,
butter,frozen meals,ice cream,baking powder,,,
abrasive cleaner,fish,honey,,,,
cake bar,grapes,butter,,,,
frozen meals,domestic eggs,,,,,
frozen vegetables,butter,fish,baking powder,,,
fish,cake bar,frozen meals,,,,
coffee,frozen vegetables,frozen meals,,,,
fish,butter,coffee,frozen meals,,,
frozen meals,fish,cake bar,,,,
grapes,honey,,,,,
baking powder,domestic eggs,frozen meals,,,,
cake bar,baking powder,butter,frozen meals,,,
butter,ice cream,baking powder,,,,
baking powder,butter,abrasive cleaner,coffee,frozen meals,,
fish,abrasive cleaner,,,,,
grapes,butter,frozen vegetables,fish,,,
baking powder,grapes,frozen meals,butter,,,
frozen vegetables,coffee,frozen meals,,,,
frozen meals,domestic eggs,,,,,
abrasive cleaner,,,,,,
coffee,frozen meals,,,,,
butter,coffee,frozen meals,,,,
grapes,,,,,,
grapes,ice cream,,,,,
frozen vegetables,frozen meals,cake bar,ice cream,,,
abrasive cleaner,frozen vegetables,butter,baking powder,ice cream,,
grapes,baking powder,butter,coffee,frozen meals ,,
domestic eggs,,,,,,
cake bar,frozen meals,ice cream,baking powder,coffee,,
baking powder,coffee,ice cream,cake bar,frozen meals,,
grapes,baking powder,frozen meals,ice cream,,,
butter,frozen meals,grapes,ice cream,baking powder,,
ice cream,,,,,,
abrasive cleaner,,,,,,
coffee,grapes,honey,frozen meals,,,
cake bar,,,,,,
cake bar,butter,ice cream,baking powder,,,
grapes,butter,fish,coffee,frozen meals,,
ice cream,domestic eggs,butter,baking powder,,,
coffee,butter,baking powder,honey,frozen vegetables,frozen meals,
fish,,,,,,
grapes,butter,baking powder,,,,
honey,grapes,coffee,frozen meals,,,
honey,butter,frozen vegetables,frozen meals,,,
coffee,honey,butter,ice cream,frozen meals,,
fish,abrasive cleaner,honey,,,,
cake bar,grapes,frozen vegetables,coffee,frozen meals,,
cake bar,butter,domestic eggs,grapes,frozen vegetables,,
frozen meals,baking powder,frozen vegetables,ice cream,,,
grapes,,,,,,
butter,grapes,,,,,
honey,grapes,ice cream,,,,
cake bar,ice cream,,,,,
fish,butter,domestic eggs,cake bar,frozen vegetables,,
baking powder,fish,,,,,
butter,frozen meals,,,,,
fish,baking powder,,,,,
abrasive cleaner,frozen meals,ice cream,,,,
baking powder,ice cream,frozen vegetables,,,,
abrasive cleaner,,,,,,
domestic eggs,,,,,,
baking powder,grapes,,,,,
abrasive cleaner,ice cream,,,,,
coffee,cake bar,domestic eggs,frozen meals,baking powder,,
domestic eggs,ice cream,coffee,frozen meals,,,
abrasive cleaner,butter,ice cream,,,,
coffee,fish,baking powder,frozen meals,,,
baking powder,domestic eggs,frozen meals,grapes,,,
butter,frozen meals,fish,,,,
cake bar,baking powder,frozen meals,grapes,fish,,
frozen meals,frozen vegetables,butter,,,,
frozen vegetables,abrasive cleaner,cake bar,ice cream,,,
coffee,frozen vegetables,fish,frozen meals ,,,
ice cream,frozen meals,frozen vegetables,domestic eggs,grapes,,
coffee,frozen meals,honey,grapes,,,
grapes,coffee,fish,honey,frozen meals,,
frozen vegetables,grapes,domestic eggs,fish,cake bar,,
fish,abrasive cleaner,,,,,
grapes,frozen meals,coffee,cake bar,fish,,
cake bar,domestic eggs,grapes,baking powder,,,
abrasive cleaner,cake bar,domestic eggs,frozen vegetables,,,
honey,,,,,,
abrasive cleaner,fish,,,,,
grapes,ice cream,frozen vegetables,,,,
fish,honey,frozen meals,frozen vegetables,,,
baking powder,fish,frozen vegetables,frozen meals,butter,domestic eggs,
fish,cake bar,frozen vegetables,coffee,frozen meals,honey,
frozen meals,cake bar,domestic eggs,abrasive cleaner,,,
fish,butter,frozen meals,ice cream,baking powder,,
domestic eggs,abrasive cleaner,coffee,fish,frozen meals,,
coffee,fish,ice cream,baking powder,frozen meals,,
cake bar,frozen vegetables,baking powder,domestic eggs,,,
coffee,butter,baking powder,frozen vegetables,domestic eggs,frozen meals,
coffee,frozen meals,grapes,butter,,,
butter,coffee,domestic eggs,ice cream,frozen vegetables,frozen meals,
honey,abrasive cleaner,domestic eggs,,,,
fish,grapes,baking powder,abrasive cleaner,butter,,
honey,abrasive cleaner,coffee,butter,frozen meals,,
frozen vegetables,coffee,baking powder,fish,frozen meals,,
frozen meals,ice cream,domestic eggs,coffee,fish,honey,
domestic eggs,fish,butter,,,,
fish,frozen meals,,,,,
coffee,frozen meals,butter,honey,,,
frozen meals,grapes,abrasive cleaner,coffee,,,
frozen vegetables,,,,,,
frozen vegetables,domestic eggs,,,,,
butter,grapes,,,,,
abrasive cleaner,domestic eggs,,,,,
coffee,frozen meals,,,,,
baking powder,,,,,,
coffee,frozen meals,,,,,
abrasive cleaner,,,,,,
domestic eggs,,,,,,
coffee,baking powder,frozen meals,,,,
butter,honey,,,,,
cake bar,frozen vegetables,,,,,
ice cream,frozen meals,,,,,
frozen vegetables,frozen meals,honey,domestic eggs,,,
coffee,ice cream,frozen meals,,,,
frozen meals,frozen vegetables,fish,,,,
butter,frozen meals,ice cream,,,,
fish,frozen meals,ice cream,grapes,,,
baking powder,butter,frozen meals,cake bar,,,
cake bar,coffee,butter,frozen meals,,,
baking powder,cake bar,,,,,
butter,fish,,,,,
grapes,frozen vegetables,butter,,,,
honey,grapes,,,,,
baking powder,cake bar,fish,,,,
fish,ice cream,,,,,
grapes,butter,,,,,
domestic eggs,coffee,frozen meals,,,,
cake bar,frozen meals,ice cream,honey,,,
butter,coffee,abrasive cleaner,ice cream,baking powder,fish,frozen meals
ice cream,baking powder,coffee,butter,grapes,frozen meals,
domestic eggs,coffee,frozen meals,abrasive cleaner,fish,cake bar,
frozen vegetables,baking powder,cake bar,abrasive cleaner,ice cream,butter,
baking powder,butter,honey,abrasive cleaner,,,
coffee,butter,fish,domestic eggs,baking powder,frozen vegetables,frozen meals
frozen vegetables,honey,cake bar,baking powder,butter,frozen meals,
fish,ice cream,honey,coffee,frozen meals,,
abrasive cleaner,domestic eggs,fish,frozen vegetables,,,
coffee,butter,grapes,fish,frozen meals,,
frozen vegetables,baking powder,domestic eggs,butter,abrasive cleaner,,
domestic eggs,ice cream,frozen meals,coffee,fish,,
coffee,butter,baking powder,ice cream,frozen meals,,
baking powder,cake bar,butter,fish,coffee,frozen meals,
domestic eggs,ice cream,,,,,
honey,abrasive cleaner,frozen vegetables,butter,,,
butter,frozen vegetables,baking powder,,,,
frozen vegetables,baking powder,grapes,butter,coffee,honey,frozen meals
butter,fish,ice cream,,,,
honey,,,,,,
cake bar,ice cream,,,,,
ice cream,,,,,,
frozen vegetables,ice cream,honey,cake bar,,,
ice cream,baking powder,,,,,
coffee,cake bar,frozen vegetables,baking powder,butter,frozen meals,
coffee,fish,frozen meals,honey,abrasive cleaner,grapes,
baking powder,frozen vegetables,honey,coffee,frozen meals,butter,
frozen vegetables,frozen meals,butter,baking powder,,,
grapes,frozen vegetables,baking powder,frozen meals,butter,,
frozen vegetables,butter,coffee,abrasive cleaner,ice cream,fish,frozen meals
frozen vegetables,coffee,fish,grapes,frozen meals,,
fish,frozen meals,butter,ice cream,,,
baking powder,coffee,butter,grapes,cake bar,frozen meals,
baking powder,butter,grapes,frozen vegetables,cake bar,frozen meals,ice cream
ice cream,grapes,honey,butter,cake bar,,
cake bar,domestic eggs,frozen meals,baking powder,,,
ice cream,coffee,frozen meals,,,,
butter,ice cream,,,,,
fish,baking powder,frozen meals,,,,
domestic eggs,frozen meals,grapes,,,,
frozen meals,fish,,,,,
baking powder,frozen meals,grapes,fish,,,
frozen vegetables,butter,,,,,
abrasive cleaner,cake bar,ice cream,,,,
frozen vegetables,fish,frozen meals ,,,,
frozen meals,frozen vegetables,domestic eggs,grapes,,,
frozen meals,honey,grapes,,,,
coffee,fish,honey,frozen meals,,,
grapes,domestic eggs,fish,cake bar,,,
abrasive cleaner,,,,,,
frozen meals,coffee,cake bar,fish,,,
domestic eggs,grapes,baking powder,,,,
cake bar,domestic eggs,frozen vegetables,,,,
,,,,,,
fish,,,,,,
ice cream,frozen vegetables,,,,,
honey,frozen meals,frozen vegetables,,,,
fish,frozen vegetables,frozen meals,butter,domestic eggs,,
cake bar,frozen vegetables,coffee,frozen meals,honey,,
cake bar,domestic eggs,abrasive cleaner,,,,
butter,frozen meals,ice cream,baking powder,,,
abrasive cleaner,coffee,fish,frozen meals,,,
fish,ice cream,baking powder,frozen meals,,,
frozen vegetables,baking powder,domestic eggs,,,,
butter,baking powder,frozen vegetables,domestic eggs,frozen meals,,
frozen meals,grapes,butter,,,,
coffee,domestic eggs,ice cream,frozen vegetables,frozen meals,,
abrasive cleaner,domestic eggs,,,,,
grapes,baking powder,abrasive cleaner,butter,,,
abrasive cleaner,coffee,butter,frozen meals,,,
coffee,baking powder,fish,frozen meals,,,
ice cream,domestic eggs,coffee,fish,honey,,
fish,butter,,,,,
frozen meals,,,,,,
frozen meals,butter,honey,,,,
grapes,abrasive cleaner,coffee,,,,
,,,,,,
domestic eggs,,,,,,
grapes,,,,,,
domestic eggs,,,,,,
frozen meals,,,,,,
,,,,,,
frozen meals,,,,,,
,,,,,,
,,,,,,
baking powder,frozen meals,,,,,
honey,,,,,,
frozen vegetables,,,,,,
frozen meals,,,,,,
frozen meals,honey,domestic eggs,,,,
ice cream,frozen meals,,,,,
frozen vegetables,fish,,,,,
frozen meals,ice cream,,,,,
frozen meals,ice cream,grapes,,,,
butter,frozen meals,cake bar,,,,
coffee,butter,frozen meals,,,,
cake bar,,,,,,
fish,,,,,,
frozen vegetables,butter,,,,,
grapes,,,,,,
cake bar,fish,,,,,
ice cream,,,,,,
butter,,,,,,
coffee,frozen meals,,,,,
frozen meals,ice cream,honey,,,,
coffee,abrasive cleaner,ice cream,baking powder,fish,frozen meals,
baking powder,coffee,butter,grapes,frozen meals,,
coffee,frozen meals,abrasive cleaner,fish,cake bar,,
baking powder,cake bar,abrasive cleaner,ice cream,butter,,
butter,honey,abrasive cleaner,,,,
butter,fish,domestic eggs,baking powder,frozen vegetables,frozen meals,
honey,cake bar,baking powder,butter,frozen meals,,
ice cream,honey,coffee,frozen meals,,,
domestic eggs,fish,frozen vegetables,,,,
butter,grapes,fish,frozen meals,,,
baking powder,domestic eggs,butter,abrasive cleaner,,,
ice cream,frozen meals,coffee,fish,,,
butter,baking powder,ice cream,frozen meals,,,
cake bar,butter,fish,coffee,frozen meals,,
ice cream,,,,,,
abrasive cleaner,frozen vegetables,butter,,,,
frozen vegetables,baking powder,,,,,
baking powder,grapes,butter,coffee,honey,frozen meals,
fish,ice cream,,,,,
,,,,,,
ice cream,,,,,,
,,,,,,
ice cream,honey,cake bar,,,,
baking powder,,,,,,
cake bar,frozen vegetables,baking powder,butter,frozen meals,,
fish,frozen meals,honey,abrasive cleaner,grapes,,
frozen vegetables,honey,coffee,frozen meals,butter,,
frozen meals,butter,baking powder,,,,
frozen vegetables,baking powder,frozen meals,butter,,,
butter,coffee,abrasive cleaner,ice cream,fish,frozen meals,
coffee,fish,grapes,frozen meals,,,
frozen meals,butter,ice cream,,,,
coffee,butter,grapes,cake bar,frozen meals,,
butter,grapes,frozen vegetables,cake bar,frozen meals,ice cream,
grapes,honey,butter,cake bar,,,
ice cream,grapes,domestic eggs,butter,frozen vegetables,baking powder,
butter,baking powder,frozen meals,frozen vegetables,coffee,,
butter,frozen meals,ice cream,honey,,,
baking powder,frozen vegetables,abrasive cleaner,butter,frozen meals,,
grapes,coffee,frozen vegetables,frozen meals,,,
coffee,baking powder,frozen vegetables,honey,frozen meals,,
frozen meals,coffee,fish,frozen vegetables,,,
fish,ice cream,grapes,frozen meals,,,
frozen vegetables,frozen meals,coffee,grapes,,,
ice cream,grapes,coffee,baking powder,frozen meals,,
butter,coffee,ice cream,abrasive cleaner,frozen vegetables,,
fish,cake bar,baking powder,coffee,butter,frozen meals,
baking powder,coffee,frozen meals,butter,,,
ice cream,abrasive cleaner,fish,coffee,frozen meals ,,
butter,baking powder,coffee,ice cream,frozen meals ,,
frozen vegetables,abrasive cleaner,ice cream,butter,coffee,,
baking powder,ice cream,butter,frozen meals,,,
ice cream,frozen vegetables,coffee,cake bar,frozen meals,,
honey,fish,abrasive cleaner,domestic eggs,,,
butter,frozen meals,fish,ice cream,frozen vegetables,,
coffee,honey,fish,frozen meals,,,
honey,frozen meals,fish,,,,
abrasive cleaner,frozen vegetables,baking powder,butter,domestic eggs,,
frozen meals,domestic eggs,ice cream,,,,
ice cream,cake bar,honey,,,,
baking powder,domestic eggs,butter,frozen meals,,,
coffee,butter,baking powder,domestic eggs,frozen meals,,
frozen vegetables,frozen meals,fish,,,,
butter,fish,frozen meals,baking powder,ice cream,,
butter,baking powder,frozen meals,frozen vegetables,,,
baking powder,domestic eggs,butter,,,,
fish,frozen vegetables,frozen meals,baking powder,butter,,
butter,baking powder,domestic eggs,,,,
butter,coffee,baking powder,frozen meals,,,
butter,coffee,domestic eggs,baking powder,frozen meals,,
fish,frozen meals,abrasive cleaner,,,,
baking powder,cake bar,butter,frozen vegetables,,,
domestic eggs,honey,,,,,
frozen meals,fish,domestic eggs,,,,
baking powder,frozen meals,domestic eggs,butter,,,
fish,frozen meals,domestic eggs,coffee,,,
butter,baking powder,domestic eggs,,,,
frozen meals,frozen vegetables,baking powder,butter,,,
coffee,baking powder,butter,ice cream,frozen meals,,
fish,butter,baking powder,,,,
frozen vegetables,,,,,,
frozen vegetables,abrasive cleaner,ice cream,,,,
fish,coffee,frozen meals,ice cream,honey,,
coffee,butter,baking powder,domestic eggs,frozen meals,,
honey,frozen meals,ice cream,coffee,,,
frozen vegetables,baking powder,butter,frozen meals,,,
honey,coffee,frozen meals,,,,
honey,domestic eggs,frozen meals,coffee,,,
frozen vegetables,domestic eggs,fish,honey,,,
coffee,domestic eggs,butter,baking powder,frozen meals,,
butter,coffee,baking powder,ice cream,fish,frozen meals,
baking powder,butter,coffee,frozen meals,,,
baking powder,domestic eggs,coffee,frozen meals,,,
coffee,ice cream,fish,frozen meals,,,
frozen meals,baking powder,butter,,,,
butter,fish,,,,,
butter,grapes,baking powder,,,,
frozen meals,cake bar,frozen vegetables,butter,,,
honey,abrasive cleaner,fish,,,,
baking powder,butter,ice cream,,,,
baking powder,fish,domestic eggs,cake bar,butter,,
ice cream,baking powder,butter,,,,
frozen vegetables,ice cream,frozen meals,honey,,,
butter,frozen meals,coffee,,,,
honey,cake bar,,,,,
ice cream,fish,domestic eggs,honey,,,
butter,baking powder,cake bar,ice cream,frozen vegetables,,
coffee,baking powder,fish,butter,frozen meals,,
abrasive cleaner,honey,frozen vegetables,fish,ice cream,,
butter,,,,,,
butter,,,,,,
abrasive cleaner,coffee,fish,butter,ice cream,baking powder,
grapes,butter,frozen meals,,,,
butter,coffee,baking powder,fish,frozen vegetables,frozen meals,
abrasive cleaner,,,,,,
ice cream,,,,,,
baking powder,butter,domestic eggs,,,,
butter,grapes,baking powder,cake bar,fish,,
baking powder,butter,,,,,
butter,grapes,baking powder,,,,
ice cream,grapes,domestic eggs,honey,fish,,
butter,baking powder,domestic eggs,,,,
grapes,ice cream,fish,,,,
abrasive cleaner,domestic eggs,,,,,
frozen vegetables,domestic eggs,,,,,
frozen meals,butter,frozen vegetables,abrasive cleaner,ice cream,,
fish,,,,,,
baking powder,abrasive cleaner,grapes,cake bar,butter,coffee,
butter,abrasive cleaner,coffee,domestic eggs,baking powder,frozen meals,
cake bar,butter,grapes,,,,
baking powder,coffee,butter,abrasive cleaner,fish,frozen meals,
frozen meals,baking powder,coffee,butter,ice cream,,
domestic eggs,grapes,butter,frozen meals,,,
honey,,,,,,
frozen meals,cake bar,grapes,butter,,,
frozen vegetables,,,,,,
ice cream,abrasive cleaner,grapes,,,,
butter,coffee,frozen vegetables,cake bar,frozen meals,,
grapes,honey,fish,ice cream,,,
frozen meals,fish,frozen vegetables,cake bar,,,
grapes,domestic eggs,cake bar,,,,
baking powder,grapes,fish,butter,,,
abrasive cleaner,butter,frozen vegetables,grapes,domestic eggs,,
domestic eggs,,,,,,
honey,,,,,,
butter,,,,,,
honey,,,,,,
ice cream,grapes,abrasive cleaner,honey,frozen meals,,
frozen vegetables,frozen meals,ice cream,,,,
butter,coffee,domestic eggs,baking powder,frozen meals,,
frozen vegetables,domestic eggs,abrasive cleaner,honey,fish,,
coffee,ice cream,butter,frozen vegetables,domestic eggs,fish,
coffee,butter,baking powder,domestic eggs,frozen meals,,
cake bar,ice cream,abrasive cleaner,frozen vegetables,,,
domestic eggs,cake bar,baking powder,butter,frozen vegetables,,
coffee,abrasive cleaner,frozen vegetables,frozen meals,,,
butter,ice cream,grapes,baking powder,coffee,frozen meals,
butter,frozen meals,ice cream,baking powder,,,
abrasive cleaner,fish,honey,,,,
cake bar,grapes,butter,,,,
frozen meals,domestic eggs,,,,,
frozen vegetables,butter,fish,baking powder,,,
fish,cake bar,frozen meals,,,,
coffee,frozen vegetables,frozen meals,,,,
fish,butter,coffee,frozen meals,,,
frozen meals,fish,cake bar,,,,
grapes,honey,,,,,
baking powder,domestic eggs,frozen meals,,,,
cake bar,baking powder,butter,frozen meals,,,
butter,ice cream,baking powder,,,,
baking powder,butter,abrasive cleaner,coffee,frozen meals,,
fish,abrasive cleaner,,,,,
grapes,butter,frozen vegetables,fish,,,
baking powder,grapes,frozen meals,butter,,,
frozen vegetables,coffee,frozen meals,,,,
frozen meals,domestic eggs,,,,,
abrasive cleaner,,,,,,
coffee,frozen meals,,,,,
butter,coffee,frozen meals,,,,
grapes,,,,,,
grapes,ice cream,,,,,
frozen vegetables,frozen meals,cake bar,ice cream,,,
abrasive cleaner,frozen vegetables,butter,baking powder,ice cream,,
grapes,baking powder,butter,coffee,frozen meals ,,
domestic eggs,,,,,,
cake bar,frozen meals,ice cream,baking powder,coffee,,
baking powder,coffee,ice cream,cake bar,frozen meals,,
grapes,baking powder,frozen meals,ice cream,,,
butter,frozen meals,grapes,ice cream,baking powder,,
ice cream,,,,,,
abrasive cleaner,,,,,,
coffee,grapes,honey,frozen meals,,,
cake bar,,,,,,
cake bar,butter,ice cream,baking powder,,,
grapes,butter,fish,coffee,frozen meals,,
ice cream,domestic eggs,butter,baking powder,,,
coffee,butter,baking powder,honey,frozen vegetables,frozen meals,
fish,,,,,,
grapes,butter,baking powder,,,,
honey,grapes,coffee,frozen meals,,,
honey,butter,frozen vegetables,frozen meals,,,
coffee,honey,butter,ice cream,frozen meals,,
fish,abrasive cleaner,honey,,,,
cake bar,grapes,frozen vegetables,coffee,frozen meals,,
cake bar,butter,domestic eggs,grapes,frozen vegetables,,
frozen meals,baking powder,frozen vegetables,ice cream,,,
grapes,,,,,,
butter,grapes,,,,,
honey,grapes,ice cream,,,,
cake bar,ice cream,,,,,
fish,butter,domestic eggs,cake bar,frozen vegetables,,
baking powder,fish,,,,,
butter,frozen meals,,,,,
fish,baking powder,,,,,
abrasive cleaner,frozen meals,ice cream,,,,
baking powder,ice cream,frozen vegetables,,,,
abrasive cleaner,,,,,,
domestic eggs,,,,,,
baking powder,grapes,,,,,
abrasive cleaner,ice cream,,,,,
coffee,cake bar,domestic eggs,frozen meals,baking powder,,
domestic eggs,ice cream,coffee,frozen meals,,,
abrasive cleaner,butter,ice cream,,,,
coffee,fish,baking powder,frozen meals,,,
baking powder,domestic eggs,frozen meals,grapes,,,
butter,frozen meals,fish,,,,
cake bar,baking powder,frozen meals,grapes,fish,,
frozen meals,frozen vegetables,butter,,,,
frozen vegetables,abrasive cleaner,cake bar,ice cream,,,
coffee,frozen vegetables,fish,frozen meals ,,,
ice cream,frozen meals,frozen vegetables,domestic eggs,grapes,,
coffee,frozen meals,honey,grapes,,,
grapes,coffee,fish,honey,frozen meals,,
frozen vegetables,grapes,domestic eggs,fish,cake bar,,
fish,abrasive cleaner,,,,,
grapes,frozen meals,coffee,cake bar,fish,,
cake bar,domestic eggs,grapes,baking powder,,,
abrasive cleaner,cake bar,domestic eggs,frozen vegetables,,,
honey,,,,,,
abrasive cleaner,fish,,,,,
grapes,ice cream,frozen vegetables,,,,
fish,honey,frozen meals,frozen vegetables,,,
baking powder,fish,frozen vegetables,frozen meals,butter,domestic eggs,
fish,cake bar,frozen vegetables,coffee,frozen meals,honey,
frozen meals,cake bar,domestic eggs,abrasive cleaner,,,
fish,butter,frozen meals,ice cream,baking powder,,
domestic eggs,abrasive cleaner,coffee,fish,frozen meals,,
coffee,fish,ice cream,baking powder,frozen meals,,
cake bar,frozen vegetables,baking powder,domestic eggs,,,
coffee,butter,baking powder,frozen vegetables,domestic eggs,frozen meals,
coffee,frozen meals,grapes,butter,,,
butter,coffee,domestic eggs,ice cream,frozen vegetables,frozen meals,
honey,abrasive cleaner,domestic eggs,,,,
fish,grapes,baking powder,abrasive cleaner,butter,,
honey,abrasive cleaner,coffee,butter,frozen meals,,
frozen vegetables,coffee,baking powder,fish,frozen meals,,
frozen meals,ice cream,domestic eggs,coffee,fish,honey,
domestic eggs,fish,butter,,,,
fish,frozen meals,,,,,
coffee,frozen meals,butter,honey,,,
frozen meals,grapes,abrasive cleaner,coffee,,,
frozen vegetables,,,,,,
frozen vegetables,domestic eggs,,,,,
butter,grapes,,,,,
abrasive cleaner,domestic eggs,,,,,
coffee,frozen meals,,,,,
baking powder,,,,,,
coffee,frozen meals,,,,,
abrasive cleaner,,,,,,
domestic eggs,,,,,,
coffee,baking powder,frozen meals,,,,
butter,honey,,,,,
cake bar,frozen vegetables,,,,,
ice cream,frozen meals,,,,,
frozen vegetables,frozen meals,honey,domestic eggs,,,
coffee,ice cream,frozen meals,,,,
frozen meals,frozen vegetables,fish,,,,
butter,frozen meals,ice cream,,,,
fish,frozen meals,ice cream,grapes,,,
baking powder,butter,frozen meals,cake bar,,,
cake bar,coffee,butter,frozen meals,,,
baking powder,cake bar,,,,,
butter,fish,,,,,
grapes,frozen vegetables,butter,,,,
honey,grapes,,,,,
baking powder,cake bar,fish,,,,
fish,ice cream,,,,,
grapes,butter,,,,,
domestic eggs,coffee,frozen meals,,,,
cake bar,frozen meals,ice cream,honey,,,
butter,coffee,abrasive cleaner,ice cream,baking powder,fish,
ice cream,baking powder,coffee,butter,grapes,frozen meals,
domestic eggs,coffee,frozen meals,abrasive cleaner,fish,cake bar,
frozen vegetables,baking powder,cake bar,abrasive cleaner,ice cream,butter,
baking powder,butter,honey,abrasive cleaner,,,
coffee,butter,fish,domestic eggs,baking powder,frozen vegetables,
frozen vegetables,honey,cake bar,baking powder,butter,frozen meals,
fish,ice cream,honey,coffee,frozen meals,,
abrasive cleaner,domestic eggs,fish,frozen vegetables,,,
coffee,butter,grapes,fish,frozen meals,,
frozen vegetables,baking powder,domestic eggs,butter,abrasive cleaner,,
domestic eggs,ice cream,frozen meals,coffee,fish,,
coffee,butter,baking powder,ice cream,frozen meals,,
baking powder,cake bar,butter,fish,coffee,frozen meals,
domestic eggs,ice cream,,,,,
honey,abrasive cleaner,frozen vegetables,butter,,,
butter,frozen vegetables,baking powder,,,,
frozen vegetables,baking powder,grapes,butter,coffee,honey,
butter,fish,ice cream,,,,
honey,,,,,,
cake bar,ice cream,,,,,
ice cream,,,,,,
frozen vegetables,ice cream,honey,cake bar,,,
ice cream,baking powder,,,,,
coffee,cake bar,frozen vegetables,baking powder,butter,frozen meals,
coffee,fish,frozen meals,honey,abrasive cleaner,grapes,
baking powder,frozen vegetables,honey,coffee,frozen meals,butter,
frozen vegetables,frozen meals,butter,baking powder,,,
grapes,frozen vegetables,baking powder,frozen meals,butter,,
frozen vegetables,butter,coffee,abrasive cleaner,ice cream,fish,
frozen vegetables,coffee,fish,grapes,frozen meals,,
fish,frozen meals,butter,ice cream,,,
baking powder,coffee,butter,grapes,cake bar,frozen meals,
